特征1,特征2,特征3,特征4,特征5,特征6,特征7,特征8,特征9,特征10,特征11,特征12,类别
4.188261123,2.684998819,37.9821608,23.93622765,43590.39556,3507028.764,3.201074683,47.6184098,7.01E-06,1.16E-05,-87.90976313,-18.04909252,1
4.202697223,2.061983186,40.04136672,24.06931067,41457.4095,3416350.07,7.526288228,75.07196299,4.69E-05,1.19E-04,-2160.051762,68.40951565,2
4.18570339,2.417717335,38.84227057,23.81996577,39445.18715,3363323.878,5.464160561,75.98541863,3.20E-05,1.38E-04,-506.7441653,21.15731479,3
4.202220538,2.141701007,40.36674176,23.26175936,38367.27665,3219522.09,7.806864017,88.00199554,4.22E-05,7.60E-05,-2165.353025,178.7672879,3
4.184171357,2.319429943,36.98024266,23.52943289,42146.0771,3224319.963,5.254279164,64.97754397,3.37E-05,4.56E-04,-564.7098543,5.399599286,2
4.199675221,2.658447162,38.34003239,23.97302275,42825.43263,3469398.947,4.308938168,66.98488152,2.63E-05,1.64E-04,-152.080279,-25.86869164,2
4.198753541,2.66824665,39.63708096,23.87875403,38837.88982,3339767.298,4.376688327,76.56071566,2.66E-05,4.65E-05,-151.153512,2.423945652,3
4.183170361,2.489216072,39.44167626,23.97265591,37394.82389,3383883.246,5.278413924,78.41254782,3.16E-05,6.27E-05,-431.3638256,3.08600528,3
4.196641672,1.737030033,39.64174827,23.79510494,44424.29536,3604618.81,4.238485102,51.98349688,1.48E-05,1.73E-05,-451.4669125,3.235128245,1
4.186482966,2.382960351,37.33680915,23.72467089,41906.83449,3280617.878,5.264832209,66.75889451,3.18E-05,4.53E-04,-526.089401,6.969011052,2
4.202328519,2.191481814,40.27894988,23.78408563,39654.86971,3337085.864,7.711552859,82.91386858,4.01E-05,6.19E-05,-2139.774689,138.4479867,3
4.188391638,2.487927319,38.82070123,24.57558124,45785.38371,3920662.989,3.404219456,47.80917453,8.57E-06,1.26E-05,-135.4683951,-28.9971554,1
4.187614061,2.632142801,38.44749852,24.54942445,45323.92649,3828597.264,3.29236691,46.73098211,7.11E-06,1.14E-05,-98.47939149,-28.42389202,1
4.197130256,2.050649264,38.86906912,23.71845702,43867.95559,3469202.259,4.334945632,52.02733239,6.78E-06,1.13E-05,-535.6841268,16.28931335,1
4.199256382,2.136134396,39.46139678,24.07250111,43909.6724,3600703.226,3.913623784,52.74088382,1.17E-05,1.49E-05,-256.0113244,11.27658911,1
4.201791475,2.093857236,41.83916719,24.39166057,36291.66775,3325626.208,8.228975786,93.980652,4.39E-05,5.69E-05,-2434.68992,268.1896523,4
4.199051303,1.908688406,40.01643473,24.35206987,44084.12714,3683932.719,4.068970059,52.44503357,1.40E-05,1.71E-05,-348.668033,7.558442115,1
4.188298525,2.547419651,38.66539257,24.51870043,45547.21767,3872584.647,3.321895198,47.38423999,8.15E-06,1.26E-05,-111.9764823,-28.91234026,1
4.202508747,2.033596197,39.74335777,23.58399487,40925.00535,3304573.87,7.645107965,76.96117479,4.53E-05,1.32E-04,-2206.520146,88.52095668,2
4.186483107,2.403422073,37.28520664,23.96227406,42840.66018,3326500.53,4.989046923,63.48763185,3.00E-05,3.65E-04,-482.2843867,-3.517686987,2
4.199255189,2.626177688,39.29444536,24.26785175,40630.5225,3436373.043,4.426999358,71.63148667,2.70E-05,1.78E-04,-174.6380176,1.143630214,2
4.202901669,2.079330059,39.40567993,23.98219554,42248.97482,3411046.058,7.050480889,71.54701405,1.76E-05,1.24E-04,-1880.344974,37.34646192,2
4.201660608,2.093098662,40.98902219,23.8791963,37682.70619,3281208.737,8.217249821,89.94714455,4.37E-05,5.90E-05,-2449.745891,228.0071198,4
4.176973413,2.491410879,37.16794481,24.01574359,43710.19439,3357407.213,4.901766739,48.73970052,5.05E-06,7.96E-06,-1029.506551,21.08621542,1
4.190985194,2.450784525,39.16106396,24.29784271,38474.10661,3418665.163,5.404031999,75.59951066,3.20E-05,7.67E-05,-460.559488,15.2464989,3
4.192454851,2.635503445,40.58499656,24.33782419,36987.72251,3376677.711,4.387505243,79.44466858,2.71E-05,6.20E-05,-156.5623303,0.4631895,4
4.199246833,2.656450207,39.3496116,24.46511801,40712.45486,3468519.641,4.381547931,70.95933303,2.64E-05,1.58E-04,-156.4484784,-0.508870152,2
4.175622773,2.316615423,38.52153967,23.93160081,41069.99726,3374896.997,5.619194452,70.91631171,9.54E-06,4.18E-05,-849.1698336,133.7684202,2
4.187721936,2.400667978,37.08039042,23.52015778,42563.47591,3255619.268,5.084993472,64.81506806,3.09E-05,2.98E-04,-497.9868645,-3.784763898,2
4.183247322,2.430811849,40.63164766,24.19102806,35522.72882,3413686.718,5.240365204,82.92278154,3.51E-05,5.00E-05,-436.8585538,-1.144415892,4
4.200373974,2.136272157,41.55212844,24.1407768,36292.07218,3278374.186,8.197055601,93.94260047,4.24E-05,5.93E-05,-2411.617835,266.3511106,4
4.182943907,2.437329468,39.18225957,23.94684853,37880.2868,3368030.428,5.367297253,77.40250317,3.26E-05,5.93E-05,-460.2021159,10.64287363,3
4.202745736,2.152888643,38.78749983,23.18977957,42351.04638,3274510.32,6.827035995,72.02376526,1.74E-05,0.000134006,-1698.012925,30.92480851,2
4.19773934,2.656849704,40.33650561,24.22821369,37486.16697,3372363.559,4.374824649,78.69743684,2.67E-05,5.05E-05,-149.1411503,-0.063407921,4
4.201482698,2.087422633,41.23753666,23.99347984,36973.51234,3270041.919,8.227317822,91.84341375,4.40E-05,5.68E-05,-2445.933336,248.3020452,4
4.198320288,2.658485845,40.14273016,24.33201649,38250.41203,3403498.23,4.391418032,77.12860496,2.66E-05,5.42E-05,-153.1632676,3.439227142,3
4.201599524,2.138540138,40.46247986,23.75126365,39032.1525,3306392.355,7.782071835,84.93438962,4.21E-05,6.98E-05,-2171.259302,159.927697,3
4.197528212,2.698216006,40.38666186,24.27409668,37263.05592,3369487.138,4.304366155,78.8045095,2.59E-05,4.60E-05,-128.8179498,-3.500439235,4
4.199853324,2.654880745,38.31473393,24.00078927,43219.82013,3484390.221,4.308632503,65.80068695,2.62E-05,2.12E-04,-157.3674341,-28.87031055,2
4.202045571,2.118721138,40.4426972,23.64237503,38831.06186,3286310.386,7.809869304,85.72770273,4.31E-05,6.23E-05,-2182.095475,165.9437491,3
4.188427549,2.472830716,41.39678877,25.01052331,35689.34293,3569206.728,5.196525584,82.74055251,3.41E-05,4.36E-05,-420.6295191,0.502568687,4
4.197669919,2.682380967,39.61961987,23.6680961,37787.39111,3260487.634,4.343235101,77.77211114,2.63E-05,7.57E-05,-140.9584502,0.382550375,3
4.172916562,2.428802394,39.78844048,26.60294571,41856.39786,3794637.735,5.082357251,63.57414074,2.85E-05,5.23E-04,-515.4231425,15.77361048,2
4.20152288,2.162112225,41.06724192,23.98206919,37832.22945,3326469.19,7.811464098,89.12901792,4.12E-05,6.11E-05,-2153.347647,194.9633377,3
4.20258087,2.155901282,39.41905114,23.72477222,41661.5638,3329791.723,7.394699189,73.29693408,5.21E-05,1.46E-04,-2080.078023,59.74641588,2
4.187338767,2.547109116,38.11100192,23.81153419,43260.05272,3468302.41,3.33769299,48.1780488,7.98E-06,1.18E-05,-140.4382415,-15.1006702,1
4.18186048,2.393032882,39.20051799,24.11566697,38174.39596,3396019.749,5.427718819,76.54571735,3.36E-05,6.19E-05,-485.3815354,13.33757569,3
4.20112409,2.674163386,39.83902226,24.47294964,38879.32409,3416119.349,4.390510896,74.70308928,2.61E-05,1.03E-04,-146.2927781,4.784433684,3
4.183199732,2.436845596,39.40950591,24.00485383,37529.67322,3382992.591,5.348065217,78.13066849,3.30E-05,5.95E-05,-454.112959,7.243990053,3
4.20233323,2.021301735,40.07246787,23.70822834,40898.06865,3356391.193,7.67269559,78.28329141,4.61E-05,1.32E-04,-2218.085181,90.47192852,2
4.198524049,2.688809123,39.26278168,23.40597108,38391.37526,3235296.035,4.340820459,77.1884978,2.61E-05,5.88E-05,-139.172682,0.916517983,3
4.201790697,2.106631527,38.48254063,22.96992298,41481.35118,3162616.195,7.698512503,73.49332426,1.75E-05,1.25E-04,-2411.165273,62.18028408,2
4.199395781,2.612793241,38.39873985,23.43936787,42077.63679,3354036.329,4.372479139,69.68580925,2.75E-05,2.05E-04,-178.399231,-20.18439744,2
4.197098662,2.698012438,40.84446689,24.5829922,36409.9679,3389683.517,4.289375383,79.21455768,2.64E-05,4.68E-05,-125.9060153,-6.484371803,4
4.200371214,2.079354905,41.68869246,24.09931407,35843.74743,3254355.405,8.233799083,95.1848334,4.42E-05,5.90E-05,-2437.22293,280.8131998,4
4.198245741,2.027068634,39.41263216,23.9807757,43322.95956,3503858.424,4.338280852,53.50789175,6.78E-06,1.15E-05,-506.1992136,23.68019278,1
4.200859734,2.164636064,41.4338776,24.1163937,36706.25004,3299745.439,8.178201289,93.0576624,4.12E-05,5.57E-05,-2399.154494,253.4834509,4
4.189286795,2.572498178,38.58248583,24.7331077,43952.48366,3685821.867,3.313638385,46.77369945,7.88E-06,1.22E-05,-120.4223649,-18.43053478,1
4.197854904,2.636304861,40.43267632,24.25745984,37331.18467,3371103.313,4.403706103,78.89723001,2.73E-05,4.56E-05,-158.922895,1.260552295,4
4.199122916,2.670544735,38.17980302,23.21480179,41257.31051,3255020.036,4.305300555,70.42186456,2.62E-05,2.06E-04,-143.2063211,-10.72179092,2
4.202581422,2.143037413,39.66314442,23.85737755,41288.06855,3355812.571,7.516160566,74.87079365,4.11E-05,1.67E-04,-2121.453597,75.32841519,2
4.198023462,2.111788716,39.80381766,24.25551599,45828.6357,3949114.29,3.841504443,52.28147255,1.13E-05,1.52E-05,-214.517833,-23.27553885,1
4.178249952,2.280187848,38.97798888,24.6342062,46161.39581,3794584.025,3.823384198,47.97834033,5.00E-06,8.90E-06,-434.0226957,-5.287454325,1
4.186779863,2.340173173,37.59874125,23.94766772,42152.89861,3339112.453,5.260923297,66.10752542,3.30E-05,3.07E-04,-551.1290705,3.149522435,2
4.202845002,2.659475366,40.99869159,25.05068794,37265.51283,3501382.081,4.386223804,77.88887251,2.64E-05,4.44E-05,-142.1119379,-0.378849538,4
4.189223427,2.552853985,38.52698128,24.56156034,44795.62287,3764321.604,3.32958314,46.97607521,8.04E-06,1.21E-05,-118.7394655,-23.64057311,1
4.198107646,1.786878293,40.16569231,24.12519049,43994.15479,3652818.483,4.204830834,52.95355197,1.55E-05,1.76E-05,-426.9885563,8.575403308,1
4.19707172,2.105852485,39.35944724,24.30627397,44823.42262,3727262.34,3.877547072,50.90585178,1.08E-05,1.43E-05,-249.1222544,-3.894814187,1
4.176261021,2.327337743,37.27233216,23.76258426,43042.15764,3318002.668,5.126173461,50.44995934,9.32E-06,1.13E-05,-1125.312205,25.89702222,2
4.205246397,2.058824791,41.89753189,24.77328468,37336.84265,3423011.65,8.25696458,90.54452484,4.49E-05,5.58E-05,-2469.139257,240.9733411,4
4.202212609,2.183292262,40.31733813,23.78037304,39361.71657,3319455.014,7.732971941,83.67079637,4.03E-05,6.48E-05,-2146.421999,148.0593162,3
4.20001248,2.661727225,38.07252758,23.51454266,42392.48461,3353293.853,4.301144752,67.83394245,2.64E-05,2.23E-04,-148.7408256,-21.98055195,2
4.189876247,2.649564133,38.52197452,24.74037188,44246.86667,3718434.664,3.235395761,46.64464301,7.29E-06,1.14E-05,-90.09679338,-21.27344102,1
4.187560306,2.471314764,38.18831138,23.75476533,43178.12522,3460428.254,3.408096934,48.42964384,8.60E-06,1.28E-05,-170.8272618,-14.12558061,1
4.188899969,2.57390351,38.31926916,24.3573217,43242.30339,3538117.732,3.301372938,47.20113616,7.90E-06,1.21E-05,-122.833757,-14.99229799,1
4.201997273,2.156097213,40.43125887,23.76194655,39177.25413,3316790.431,7.764337809,84.58444197,4.14E-05,6.31E-05,-2161.085334,154.5036678,3
4.188186736,2.651916894,38.81879669,24.73426616,45851.56287,3958520.691,3.196054869,47.2503473,7.40E-06,1.26E-05,-70.7809812,-31.16357507,1
4.19921182,1.950589433,39.95162251,24.25753093,44832.83817,3793239.705,4.005069413,52.11561025,1.28E-05,1.63E-05,-310.1685126,-8.325593471,1
4.222516217,2.479017303,40.77265884,24.05817684,37998.82783,3570429.327,5.443567975,84.1568917,3.26E-05,9.56E-05,-422.5990576,1.966584809,4
4.18302852,2.452449046,40.57746835,24.71374964,36529.64817,3492474.757,5.268339539,80.65988829,3.34E-05,4.72E-05,-438.316021,15.13581051,4
4.201036138,2.117150392,41.13947018,24.21295183,35871.14484,3216304.506,8.211757287,92.93969776,4.30E-05,5.70E-05,-2417.140577,275.3899454,4
4.199047008,2.662296765,39.87503331,24.00042431,37933.05252,3319244.874,4.38148689,77.19707483,2.67E-05,7.51E-05,-150.7053052,3.679739097,3
4.187628781,2.502776469,38.99227579,24.91750369,44856.08484,3864118.893,3.437493291,47.41458652,7.97E-06,1.19E-05,-158.6368387,-23.14162058,1
4.202703239,2.006753862,40.05713053,23.67927242,40361.17036,3309329.337,7.776019997,79.1949608,4.67E-05,1.67E-04,-2247.100496,115.9791351,2
4.201226117,2.129544784,41.01371343,23.98076585,37534.95379,3292641.045,8.192158839,90.37156458,4.24E-05,5.52E-05,-2424.816274,230.7581181,4
4.183243009,2.411194604,39.58675479,23.89672125,37018.45611,3366812.129,5.344074701,79.10983738,3.43E-05,6.63E-05,-458.5662585,3.407966086,3
4.196993378,2.688360456,40.6993805,24.3751621,36651.45165,3374177.055,4.306185886,79.56426363,2.63E-05,4.60E-05,-130.878262,-6.11013846,4
4.202046403,2.037656085,41.40029506,24.48121079,38158.61454,3391143.649,8.256756591,87.85394655,4.57E-05,6.15E-05,-2497.633137,216.6402955,3
4.186114015,2.353510484,37.35233964,23.23901626,41342.7282,3207555.57,5.357399413,69.25116208,3.31E-05,0.000337033,-546.5728362,9.374853399,2
4.17757951,2.340602361,38.65978862,24.40648205,44971.34074,3647519.385,4.425683141,50.2383949,5.48E-06,8.67E-06,-761.1680495,10.27653848,1
4.182606348,2.444861995,40.99035688,24.20984648,35998.84457,3502428.195,5.247189838,83.88800166,3.42E-05,5.07E-05,-433.4003851,-14.03834227,4
4.19873243,2.640318545,39.69929058,23.97731602,38989.08112,3362586.087,4.419555995,76.28387316,2.69E-05,5.30E-05,-167.037856,5.424861673,3
4.186537778,2.365933526,38.66937823,24.78851122,41115.35869,3464855.476,5.381363941,68.46526964,3.22E-05,0.00031141,-566.8855689,24.09285049,2
4.199009972,1.857554767,39.62894832,23.93201671,43499.55939,3521212.848,4.152265788,53.32300045,6.83E-06,1.23E-05,-396.0215285,18.79803044,1
4.199610828,2.658223034,39.10487658,24.14386557,40415.48003,3396176.861,4.379527337,71.92311844,2.71E-05,0.00014599,-156.4208489,2.267706202,2
4.198342206,2.665510668,38.83927283,23.97156561,40994.42431,3383214.121,4.346073831,70.71593156,2.61E-05,0.000165123,-148.7769686,-1.575369529,2
4.177288239,2.351525512,39.24620268,24.63823886,46628.66722,3896444.588,3.415453009,48.05146289,4.64E-06,9.37E-06,-237.9584563,-15.39429782,1
4.198949735,2.628769547,38.96492707,24.12159109,41126.00295,3414961.243,4.402166766,70.3439776,2.69E-05,0.000203336,-171.8210162,-2.271231913,2
4.199933847,2.672012007,39.88526123,25.69911743,42394.92389,3761388.908,4.333003633,66.23086886,2.56E-05,0.000174441,-151.8471095,-11.71970176,2
4.183894275,2.419849193,40.51696388,24.45264894,36311.06733,3454812.784,5.294064775,81.49711158,3.47E-05,5.08E-05,-448.4855367,12.60679569,4
4.202439134,2.042987154,39.04689689,23.73900626,43019.45563,3408097.626,6.091444888,69.4370298,1.71E-05,1.47E-04,-1137.718242,8.794056989,2
4.198372064,2.631343871,40.56886357,24.73538914,38084.07567,3472337.419,4.432933446,77.37002242,2.69E-05,4.49E-05,-164.0606641,5.945452454,3
4.201780171,2.100774791,40.16503458,23.1583642,38356.28625,3185176.182,7.839748418,87.07084963,4.36E-05,9.90E-05,-2192.972308,176.9871132,3
4.198991968,2.639091814,39.39803219,24.08059534,40222.86855,3407993.142,4.41103639,73.69970696,2.70E-05,4.97E-05,-168.1111845,3.730327816,3
4.199305653,2.615719844,39.23273115,24.32803846,41285.13024,3481627.546,4.419107615,70.95027679,2.72E-05,0.000181314,-181.3677455,-3.370854147,2
4.202202281,2.188793385,40.18751058,23.89454515,39986.7424,3356335.394,7.684982879,81.34182882,3.99E-05,6.62E-05,-2137.354348,127.4685623,3
4.197717229,2.690162319,40.44479269,24.24695416,36971.33588,3351543.912,4.314793619,79.04759906,2.61E-05,4.79E-05,-131.7909626,-3.357602194,4
4.19879963,2.698929864,39.5607631,23.92726468,38907.14277,3340538.372,4.327429443,76.01954296,2.56E-05,4.74E-05,-135.3079991,1.854810059,3
4.199998537,2.615970573,37.90665576,23.56609575,42778.52879,3363275.277,4.363705563,66.35247204,2.77E-05,0.000206594,-177.9691089,-20.34815027,2
4.202794568,1.978616239,38.83676496,23.48762278,42827.02852,3337488.368,6.340858157,69.28937358,1.71E-05,0.000167376,-1324.986336,14.9042329,2
4.198017952,2.671960167,40.84213757,24.68293152,36818.81067,3421500.171,4.339391845,78.86493382,2.64E-05,4.42E-05,-137.2166269,-1.836668122,4
4.178121323,2.440479715,38.99920246,24.70405772,46494.81101,3860940.142,3.518221585,47.80972933,4.78E-06,9.57E-06,-289.0836279,-10.76281176,1
4.184390004,2.448293126,38.95436345,24.29503249,40117.25486,3442113.877,5.414524411,73.67469445,3.08E-05,2.01E-04,-505.2725108,20.5690895,2
4.172855541,2.486311723,37.2071345,23.7738241,42918.57417,3336516.25,5.082159206,51.01049908,7.70E-06,1.10E-05,-1075.831651,25.59958869,2
4.182567815,2.49153337,40.66792369,23.82944122,36026.38575,3435380.155,5.204628594,84.13817945,3.29E-05,6.02E-05,-417.5323334,-17.71670936,4
4.201070177,2.628919416,38.457964,23.7812975,44074.30153,3579844.576,4.323794639,67.56299611,2.68E-05,0.000124502,-161.6914398,-44.11097936,1
4.184590722,2.432427826,39.35265348,24.24488045,39149.38575,3460027.554,5.442475973,76.54678539,3.18E-05,0.000175683,-487.2503091,17.36022123,3
4.196406679,2.645120521,41.1969604,24.85143119,36487.16008,3453835.018,4.367625783,79.62022176,2.71E-05,4.49E-05,-149.5640449,-2.963890401,4
4.202567159,2.113995773,40.58293054,23.71296647,37948.74999,3252317.36,7.847492395,87.46835728,4.32E-05,0.000148706,-2183.47237,191.8745183,3
4.201985396,2.186737547,39.9520903,23.55302449,38558.54168,3222959.09,7.774482345,84.87496143,4.03E-05,0.000149709,-2143.400352,172.5690755,3
4.179823028,2.475767757,39.16298653,24.27707331,46723.17177,3881244.282,3.172332344,48.44674945,4.36E-06,8.67E-06,-124.8593754,-22.52455248,1
4.202907103,2.121868132,40.24071175,23.84034528,40300.6917,3362917.908,7.691134665,80.5921641,4.22E-05,6.51E-05,-2170.222446,115.0154157,3
4.201275186,1.992905799,39.84751541,23.73913741,41062.28515,3333279.317,7.656663415,76.1347313,4.69E-05,0.000146348,-2233.767603,83.22404071,2
4.190409478,2.605158061,40.71218199,26.64737395,42340.03152,3957022.042,4.423276535,65.42347152,2.64E-05,0.000231789,-210.8822435,-9.439237496,2
4.200423046,2.629071246,40.52238496,24.71931154,38258.25746,3478668.968,4.454089017,77.00360312,2.67E-05,4.87E-05,-167.6386884,5.390925764,3
4.199432142,2.662972574,38.60751076,24.01915744,41469.26451,3397415.147,4.341986804,69.25365159,2.61E-05,0.000164654,-152.8610539,-5.992916829,2
4.202001483,2.173952363,40.14605168,23.74737276,39812.83104,3323750.766,7.705900946,82.05149777,4.04E-05,6.44E-05,-2147.846759,132.6698321,3
4.184567133,2.443723815,39.4665109,24.44291471,39258.32714,3474090.142,5.436562211,75.66236003,3.14E-05,2.69E-04,-486.6931247,20.55481491,3
4.203138249,2.140416026,39.89848457,23.86815773,40497.119,3340022.94,7.654155571,78.35479587,4.22E-05,0.000143407,-2156.422827,107.3624147,2
4.196958776,1.795197519,40.313023,24.65025767,44953.43858,3845980.63,4.174916539,51.52569869,1.40E-05,1.69E-05,-412.3240533,-3.599877076,1
4.183501502,2.450611394,39.53866201,23.95941142,37213.92103,3380484.507,5.312306581,78.75488454,3.29E-05,6.38E-05,-444.6050879,3.301222977,3
4.201592874,2.050265846,41.25080923,24.22844717,37984.08608,3347609.7,8.245950948,88.72386971,4.55E-05,6.07E-05,-2481.99439,221.7546873,3
4.17760252,2.369981458,38.64757873,24.34725293,43350.99152,3503944.762,5.328002656,52.79510213,5.62E-06,8.87E-06,-1366.648837,32.43218446,1
4.200309982,2.647920728,39.43977048,23.9045475,38763.66033,3314088.247,4.425302302,75.65751759,2.69E-05,0.000181508,-161.5923715,7.133481118,3
4.203135326,2.158453576,38.49981471,23.25959843,42616.61787,3277075.728,6.51517014,70.12498451,1.75E-05,0.000196084,-1458.213633,22.72035597,2
4.202997027,2.163744879,38.6995517,23.73407144,43432.32491,3411327.688,5.480300328,67.15442598,1.70E-05,0.000169964,-729.6051368,-4.817112444,2
4.184732709,2.474521538,38.73136385,24.10547107,39910.46912,3397849.044,5.389840744,73.89098221,3.02E-05,0.000191149,-485.4369239,20.34227042,3
4.188187802,2.292166351,37.4960777,23.75689219,42918.41882,3308581.644,5.159930581,50.91148052,1.23E-05,8.77E-06,-1134.959369,26.94504166,2
4.176369139,2.43602005,38.72605398,24.56497691,45280.83973,3705502.266,4.14871868,49.64772368,5.09E-06,8.13E-06,-588.5733791,5.58173399,1
4.200965645,2.058510937,41.9881716,24.36377918,35846.6358,3303276.87,8.250982061,95.33605047,4.53E-05,5.63E-05,-2450.379649,281.75771,4
4.192768207,2.006957902,41.63553797,24.95875412,36115.82052,3320447.616,8.290762019,91.14928649,4.68E-05,0.000134589,-2502.681758,277.1877357,4
4.177439982,2.188400082,38.84686112,24.45091313,43846.76883,3565971.472,5.052645305,51.92394519,5.91E-06,9.50E-06,-1145.232258,25.46519469,1
4.177217301,2.218672914,37.67016051,24.56766501,45003.64047,3566612.425,4.545774999,46.89549657,6.15E-06,7.89E-06,-840.6999286,9.950084714,1
4.201289095,2.199196545,41.02092182,24.011356,37286.80069,3289305.101,8.148032478,91.08954689,3.97E-05,5.76E-05,-2384.874554,235.4932672,4
4.196925754,2.693696908,41.02198773,24.84391131,35984.78434,3401698.052,4.279155589,78.92706583,2.61E-05,4.32E-05,-121.3702151,-5.968458198,4
4.189272592,2.455679325,38.54659018,24.35503042,42949.83026,3524386.852,3.415590376,47.70092784,8.78E-06,1.22E-05,-173.7261276,-12.24147267,1
4.190384318,2.399750821,37.28979017,24.02996163,44837.08421,3455581.885,4.669716489,47.85251298,5.48E-06,7.98E-06,-902.3114955,10.81892278,1
4.201509839,2.007722684,41.90270996,24.60432088,37008.19279,3380874.513,8.293973803,91.67227892,4.71E-05,5.75E-05,-2503.187682,253.0345271,4
4.187667484,2.541762355,38.19420165,23.80130099,43001.13144,3450013.085,3.337383415,48.52407629,8.14E-06,1.21E-05,-139.4397159,-13.47173849,1
4.197436622,2.69117076,40.43384613,24.26045466,37111.67866,3361923.142,4.313896636,78.9706833,2.59E-05,4.64E-05,-132.1043704,-3.205270357,4
4.176316409,2.47536977,38.75128344,24.81910586,44261.38418,3636281.222,4.741194477,50.72595658,5.02E-06,7.32E-06,-936.8227893,21.95702309,1
4.199105178,2.696157405,39.53535076,24.00762245,39333.17475,3371810.232,4.3313411,75.38826154,2.56E-05,4.67E-05,-136.194039,1.353581539,3
4.190937447,2.482067071,40.52220493,24.67672438,36804.83053,3488688.143,5.280899233,80.4071515,3.21E-05,4.82E-05,-428.1381022,18.66482797,4
4.1720344,2.400728503,41.45494453,24.26699467,35320.12472,3493746.043,5.20960434,86.20312497,3.61E-05,0.000126977,-453.9982833,-11.56486671,4
4.198945227,1.910336109,40.17465704,24.33487849,44235.20713,3728264.069,4.088532199,52.78126529,1.31E-05,1.58E-05,-350.1029639,4.261263888,1
4.17522402,2.358877512,37.90362578,24.91058753,45349.20291,3664081.24,4.298618887,46.57293077,5.56E-06,7.36E-06,-692.4521083,7.26302257,1
4.199622335,2.631255269,38.49126352,24.20364107,43466.12897,3554626.41,4.339852318,65.84333192,2.67E-05,0.000181918,-172.7480383,-32.12187391,2
4.20327654,2.12862952,39.4811814,24.04312129,41885.24269,3389195.847,7.238141487,72.10268585,1.75E-05,0.000158338,-1968.503062,53.9788253,2
4.201750208,2.109503853,41.02622774,23.93599377,37563.42138,3282597.42,8.205653863,90.29482973,4.32E-05,5.82E-05,-2438.252191,231.5399986,4
4.198150317,2.689252896,39.4179495,23.81400685,38562.29523,3293119.708,4.34447172,75.87766501,2.60E-05,8.89E-05,-138.6346931,3.931700747,3
4.188927892,2.665204905,38.51713023,24.71132429,45127.22525,3816637.122,3.201717063,46.58970272,7.25E-06,1.23E-05,-75.13384268,-25.74295722,1
4.198957678,1.868824707,40.05202185,24.18958371,44796.25071,3778938.11,4.093029165,52.32229132,1.37E-05,1.71E-05,-356.1639042,-6.631219041,1
4.197955644,2.671566208,40.18438435,24.14881064,37663.29354,3358085.48,4.353699348,78.35593455,2.62E-05,4.77E-05,-141.9921646,0.140044128,4
4.197952808,2.644555,40.99780763,24.84521492,36936.42126,3459418.981,4.3867246,78.82756048,2.68E-05,4.38E-05,-151.014846,0.627423378,4
4.183983501,2.47068235,40.34325382,24.22465149,36162.53062,3415046.148,5.237899601,81.62070988,3.35E-05,4.86E-05,-426.277711,7.246168426,4
4.185838837,2.470968641,38.06536873,23.20127236,40107.17555,3227045.438,5.32198675,74.21223426,3.04E-05,0.000386533,-470.027439,17.44614495,2
4.198517227,2.165755612,39.22534721,23.97681979,43371.36411,3501223.964,4.243838366,53.42152958,6.41E-06,1.00E-05,-453.7812169,22.93389094,1
4.178562358,2.479155854,38.84362777,24.64838492,46289.19192,3816354.464,3.657154279,48.04904657,4.71E-06,8.46E-06,-351.5830469,-7.498601115,1
4.182667734,2.459863277,41.21688132,24.34226966,35003.02468,3460478.919,5.184814015,84.61198852,3.49E-05,4.94E-05,-425.5327115,-11.76407241,4
4.198353214,2.698397004,40.27804846,24.49414088,38009.62346,3421749.58,4.321113292,77.33498382,2.54E-05,4.86E-05,-129.1919527,0.901226253,3
4.174584178,2.203355847,37.543206,24.51161171,45743.43697,3621356.757,4.082013721,45.61641624,5.74E-06,8.10E-06,-571.0302573,1.237259277,1
4.204602037,2.197926487,41.47049808,24.95211336,36414.04434,3349635.555,8.17079616,90.66289828,3.97E-05,7.25E-05,-2383.653108,261.553447,4
4.182476202,2.410475237,40.3703579,23.63828438,35931.13326,3376991.036,5.291730885,83.66117242,3.53E-05,0.000110176,-447.129485,-11.04504864,4
4.199445381,2.695100237,39.04626094,23.93408558,40405.18624,3365256.119,4.319784279,72.22365453,2.56E-05,0.000198747,-133.6563175,0.332263586,2
4.173452155,2.138730331,37.51577849,23.89771458,43373.24656,3352138.072,5.132960858,49.62343513,1.41E-05,9.08E-06,-1178.471177,22.80222715,1
4.176681511,2.339723058,37.34166959,24.22431922,44499.75812,3458372.462,4.763784365,47.70371307,5.76E-06,8.30E-06,-972.4494885,14.38234593,1
4.18258839,2.42151399,40.71162611,24.16642252,36392.84096,3494020.575,5.291183303,83.00377105,3.47E-05,7.28E-05,-446.4874548,-8.282003324,4
4.200218317,2.030576986,42.04090238,24.56852628,36124.16575,3344558.464,8.273729889,94.23313361,4.65E-05,6.21E-05,-2472.212937,275.0385209,4
4.199398534,2.692684979,38.04152715,23.23621419,41437.25584,3258812.975,4.269924905,69.60091936,2.58E-05,2.42E-04,-130.5738803,-13.56624606,2
4.181536581,2.459885297,40.72877617,24.20776444,35265.10832,3409030.536,5.200695709,83.04076416,3.44E-05,5.11E-05,-425.9436574,-4.194809236,4
4.202116563,2.037264031,38.56972695,23.07246859,41859.34994,3192318.992,7.359067991,71.65749165,1.74E-05,1.51E-04,-2124.250981,50.10359683,2
4.184741677,2.351855541,37.3949982,23.50967411,41535.83162,3242570.061,5.33113303,67.83981194,3.28E-05,3.93E-04,-548.9116934,7.469213747,2
4.202901194,2.163267419,38.34572084,22.98364022,41657.00444,3164739.85,7.532318961,72.56941519,1.74E-05,1.29E-04,-2269.133965,58.04442909,2
4.199103467,2.674968842,37.86193464,23.53999093,43048.82158,3393596.586,4.27362625,66.54857526,2.61E-05,2.36E-04,-141.6201556,-30.00043417,2
4.202290557,1.992535481,40.27220819,24.01859649,40682.23109,3379564.857,7.741177579,77.35952633,4.73E-05,1.75E-04,-2249.244921,99.63213357,2
4.200674971,2.07588038,41.80342906,24.3430556,35991.87403,3294673.188,8.240091282,94.47957961,4.47E-05,5.62E-05,-2441.779591,276.882302,4
4.202807444,2.180136102,39.66769653,24.5019101,42189.63265,3477094.053,6.974327373,70.38615289,1.71E-05,1.58E-04,-1771.133447,47.46625203,2
4.184995424,2.391848815,38.34043189,24.22249364,40972.69885,3408067.965,5.370928582,70.35239204,3.25E-05,2.59E-04,-521.9033198,9.275545052,2
4.201796974,2.138556111,41.04923314,23.99922037,37417.83946,3288086.631,8.1887071,90.55671747,4.23E-05,5.67E-05,-2419.204625,234.3917934,4
4.200670235,1.995946576,42.23998716,24.67206703,36247.68461,3380729.637,8.305600607,94.15497873,4.79E-05,5.85E-05,-2501.246602,272.7103862,4
4.201388745,2.091229763,40.88269125,23.70587958,38350.01993,3309385.011,7.849077668,88.07486697,4.41E-05,8.03E-05,-2197.40247,180.8024727,3
4.199098081,2.660352724,38.11684755,23.34855831,41661.94147,3294149.592,4.315379019,69.32981459,2.65E-05,2.31E-04,-148.8085401,-14.92456076,2
4.199546958,2.666845429,38.87275465,24.25608632,42023.28596,3491929.562,4.310627781,68.71599997,2.59E-05,0.000181707,-146.0997682,-19.20693144,2
4.196227405,2.669922121,41.03237217,24.57857778,35933.93476,3376513.073,4.320031987,80.02487185,2.70E-05,4.40E-05,-135.8309991,-7.108722,4
4.18228235,2.348196139,38.51700652,24.29903896,40619.05228,3397332.42,5.459740467,70.84766646,3.33E-05,2.11E-04,-579.4455885,24.8852857,2
4.183656697,2.466671588,38.52091685,23.99541497,40193.08135,3364189.031,5.377958158,73.37889737,3.04E-05,1.35E-04,-499.9227314,23.7414383,2
4.201620983,2.064742754,41.854357,24.45909285,36597.69349,3344464.037,8.250357228,93.12884651,4.48E-05,5.74E-05,-2457.937832,262.5992564,4
4.201033482,2.025290101,41.34840278,24.01174006,37076.62151,3284792.83,8.27953947,91.81866801,4.67E-05,6.11E-05,-2492.232697,247.0387889,4
4.199169865,2.643236235,39.14007945,23.95692388,40820.08105,3410132.674,4.38787884,72.53581363,2.65E-05,1.39E-04,-162.8747356,-3.434878057,2
4.196688956,2.680699552,40.81506139,24.33582069,35640.31407,3313317.53,4.290873468,80.07549173,2.67E-05,4.42E-05,-127.1631642,-9.409284254,4
4.202750456,2.045656147,38.60524149,23.30980796,43217.77522,3323338.209,5.765767779,68.24938681,1.72E-05,2.21E-04,-913.8451636,1.271748649,2
4.196524611,1.825436974,39.11839966,23.64183561,43763.22494,3453331.461,4.51508105,52.32169611,6.98E-06,1.26E-05,-647.7512086,17.73813573,1
4.191704958,2.411098996,38.0370716,23.80004226,41119.11459,3312352.428,5.334295175,70.03473252,3.14E-05,3.80E-04,-513.496396,15.97425671,2
4.19851035,2.111016699,40.26023409,24.26110671,45869.7632,4017925.445,3.942838743,52.95907158,1.13E-05,1.60E-05,-241.712527,-24.34537515,1
4.201214371,2.142163987,40.95362784,24.00314245,37839.03662,3303459.88,8.179156831,89.19013028,4.19E-05,6.01E-05,-2421.303623,221.7624899,4
4.183563444,2.401794656,40.58182641,24.19260717,35772.56825,3422055.351,5.281356985,82.73119878,3.58E-05,5.01E-05,-450.1014454,2.32171882,4
4.191491808,2.612467348,38.98218133,24.32599342,45978.51546,3987294.199,3.311815306,48.9412611,7.67E-06,1.28E-05,-89.56624166,-36.83796277,1
4.182775551,2.460990257,40.56578933,23.94876493,36576.29992,3464201.108,5.261663356,83.32493545,3.33E-05,6.49E-05,-432.5623499,-9.103364755,4
4.187741381,2.50107983,38.27549579,24.0248516,43492.55529,3527771.3,3.391289712,47.90620596,8.21E-06,1.21E-05,-162.4135151,-15.68667687,1
4.193216523,2.439284257,38.83989921,24.3433996,46677.89202,3814493.176,3.542158236,48.58706978,4.94E-06,8.20E-06,-283.6283824,-13.78666071,1
4.183049768,2.398886415,40.74323384,24.22647481,35487.36313,3430093.245,5.267126155,83.26367808,3.61E-05,5.19E-05,-449.8135516,-1.786168075,4
4.201386492,2.009280245,41.40590881,24.05143928,37641.36356,3328993.463,7.936186646,89.62606637,4.71E-05,6.45E-05,-2253.259042,206.276701,3
4.199640923,2.61294212,38.9203599,24.00664649,41286.85856,3401226.638,4.41513695,70.30123119,2.73E-05,0.000118014,-183.4459838,-2.152022198,2
4.187438188,2.623767464,38.16526204,24.05499066,44428.25111,3636756.267,3.270130763,47.69776557,7.34E-06,1.20E-05,-102.1744869,-23.33590784,1
4.199579806,2.642986759,39.60170303,24.07400805,39464.24361,3387675.101,4.415609914,75.21880302,2.67E-05,4.95E-05,-165.7165988,5.164188032,3
4.19710522,2.648392366,41.11212504,24.64041107,36193.10772,3410033.291,4.355984475,80.06121607,2.71E-05,4.33E-05,-146.374327,-6.187507815,4
4.189029251,2.603858473,38.5262679,24.62848729,44827.78379,3778990.943,3.271856286,46.81299124,7.65E-06,1.18E-05,-99.52306329,-24.64156929,1
4.18171249,2.408768724,40.61670777,24.23860986,35641.31666,3419817.705,5.262437422,82.69044739,3.56E-05,4.92E-05,-447.0417138,1.754862645,4
4.201472346,2.028777948,40.634569,23.38046938,37731.30414,3200479.541,7.917467398,88.72087397,4.67E-05,0.000147859,-2238.820394,199.3146051,3
4.197078923,1.813269431,39.1453117,23.49219834,43481.90503,3409036.71,4.847652543,53.02802368,6.86E-06,1.25E-05,-865.1691976,23.35110774,1
4.196693049,1.970455493,38.86304568,23.46725968,43539.00709,3398775.715,4.722552594,52.8269318,6.90E-06,1.27E-05,-780.0656436,22.30910026,1
4.198510853,2.666759624,39.65023716,23.99346278,39159.98738,3370145.304,4.378303309,75.9272716,2.63E-05,4.81E-05,-152.6949901,3.188676617,3
4.196870541,2.634098606,41.24070461,24.616751,35743.18945,3388934.651,4.366639233,80.78385427,2.78E-05,4.32E-05,-150.0989529,-7.211478676,4
4.176458547,2.346064498,37.24165964,23.8168871,43201.6391,3316527.207,5.078754547,49.93944335,1.16E-05,8.43E-06,-1111.789571,25.22213305,1
4.203187728,2.117779935,39.05387577,23.95429421,43696.51827,3488459.025,5.199988396,66.86990522,1.72E-05,1.49E-04,-565.6530537,-12.99574023,2
4.184201889,2.471216186,37.88470784,23.22751551,40313.49394,3226016.22,5.305489989,73.26416384,3.03E-05,3.18E-04,-473.3305198,17.80269276,2
4.188837766,2.52498867,38.52029413,24.44798341,43892.30397,3651203.796,3.35716316,47.47281537,8.24E-06,1.17E-05,-138.2274182,-19.82207261,1
4.201962272,2.164649316,40.40103456,23.69238909,38896.56543,3287214.71,7.769439469,85.19084547,4.10E-05,6.31E-05,-2156.94795,163.6108441,3
4.222920058,2.692054817,40.09418103,24.1125235,39561.08839,3484787.097,4.519805181,77.95699969,2.56E-05,7.65E-05,-127.6948687,-8.694298537,3
4.198464224,1.871159045,40.26887263,24.13830761,45432.8582,3904362.075,4.147654861,52.95233352,1.39E-05,1.74E-05,-360.2776203,-14.87693523,1
4.198916245,2.689914529,39.33486536,23.98029407,39803.34556,3373107.757,4.334781676,74.29097549,2.59E-05,4.79E-05,-139.0830435,2.205882494,3
4.196795528,2.68378703,41.43649988,25.0136339,35844.158,3453514.084,4.294439043,79.87627689,2.65E-05,4.53E-05,-127.9282437,-8.942161407,4
4.199087385,2.013350128,39.56365952,23.93813192,43678.57296,3548670.838,4.01078404,52.98263999,1.64E-05,1.12E-05,-309.897906,14.82651357,1
4.196802602,2.684960445,41.15574924,24.8032538,36109.94358,3420660.997,4.301723266,79.64888533,2.65E-05,4.60E-05,-129.8050834,-7.155029718,4
4.196062203,2.048365732,38.83805642,23.51112504,43327.09119,3388332.831,4.980746264,53.25908762,6.78E-06,1.16E-05,-958.4054779,27.70186094,1
4.181227277,2.494085642,39.31890647,24.11448838,38881.99604,3429209.678,5.346599556,77.10108578,3.08E-05,1.47E-04,-454.6964406,14.29007816,3
4.181499336,2.467318929,41.36669474,24.81713062,35364.79649,3530936.473,5.182712542,83.39105122,3.42E-05,4.54E-05,-424.3280889,-2.657958228,4
4.196909312,2.692894277,40.76420383,24.38167772,36247.83504,3353290.135,4.291909978,79.79114057,2.63E-05,4.50E-05,-127.1770104,-7.302139561,4
4.193732603,2.281206845,39.04610837,24.43094639,46617.09426,3831329.051,3.672994859,48.74330199,5.29E-06,8.48E-06,-347.1540029,-12.67018581,1
4.201909525,2.190682586,41.48233804,24.42363954,36924.5636,3339713.002,8.162542215,91.69737969,4.00E-05,5.76E-05,-2389.820777,249.8058421,4
4.189212073,2.640101417,38.19836187,24.32051139,43511.89249,3556844.352,3.233272243,46.9577996,7.44E-06,1.18E-05,-96.33632233,-17.45531911,1
4.197600624,2.640189477,40.06732467,23.84567421,37741.47137,3323402.283,4.404878158,78.99781654,2.72E-05,5.16E-05,-161.8064473,-0.347842233,3
4.204304104,2.074439095,40.39596937,24.1007491,40142.76621,3390705.729,7.751153309,80.55983716,4.42E-05,6.70E-05,-2201.304626,124.8429279,3
4.18546837,2.451012518,37.93428569,23.32504477,40647.61935,3242572.716,5.316690473,72.35459603,3.05E-05,3.38E-04,-487.5365319,16.82116628,2
4.199497434,2.145975767,40.59042915,23.92407356,45846.10276,4014021.053,4.034486364,54.48888831,1.06E-05,1.77E-05,-256.595774,-23.40365476,1
4.198995776,2.650495153,38.82796378,23.83541998,40824.16499,3356887.556,4.374533405,71.3569593,2.66E-05,1.34E-04,-158.604249,-0.536232074,2
4.181015582,2.44826186,41.14095609,24.41727234,34768.85701,3429493.636,5.191170936,83.96377881,3.54E-05,5.12E-05,-427.1258907,-5.20398744,4
4.197785117,2.685721028,39.10678394,24.42881654,40129.91815,3380121.634,4.353116981,70.8936869,2.55E-05,1.88E-04,-141.0347359,13.7540391,3
4.199237366,2.699288288,37.80133585,23.27146353,42264.68944,3312907.04,4.2446914,68.65913802,2.57E-05,2.25E-04,-125.8915921,-23.56001503,2
4.176826628,2.366410527,38.87507521,24.65043547,45538.28293,3745993.219,4.023699222,49.28663503,5.27E-06,8.39E-06,-520.0005296,2.876032342,1
4.198280074,2.025108513,40.27558634,24.31900339,45689.03229,3980924.468,4.014238061,52.71797946,1.22E-05,1.67E-05,-281.6915594,-19.94548891,1
4.182592999,2.370533006,39.38159157,24.02936036,37784.18389,3393482.193,5.428295666,77.86853092,3.47E-05,6.23E-05,-487.272874,10.15439778,3
4.200995492,2.02994152,41.54038193,24.59206034,36011.30679,3282171.799,8.278019797,92.29418683,4.62E-05,6.09E-05,-2475.534785,275.4981331,4
4.203917719,2.096281377,41.31851436,24.43569034,38368.86653,3393982.719,8.208752404,87.284852,4.30E-05,6.50E-05,-2462.424783,206.7775074,3
4.20285589,2.175347336,40.31072743,23.83125635,39523.41688,3334175.525,7.73181483,83.19882546,4.06E-05,6.06E-05,-2149.610684,143.5702359,3
4.199023659,2.630941673,38.9515648,24.36161683,41618.23967,3463765.937,4.384662081,68.54403869,2.69E-05,2.03E-04,-174.7643089,-5.057917865,2
4.184887437,2.377513108,39.221382,23.93813575,39360.77452,3419257.987,5.504293983,77.43156684,3.35E-05,1.47E-04,-523.5719987,18.67962854,3
4.1921628,2.659821103,40.69012464,24.44210728,36368.47132,3347481.509,4.324123679,79.16168063,2.70E-05,4.75E-05,-144.139296,0.081540244,4
4.189287344,2.660031949,41.16703904,25.15949419,36040.55076,3438111.004,4.317174404,78.4861416,2.66E-05,5.86E-05,-138.1171163,3.506711695,4
4.175615708,2.120698095,38.86588978,24.26604433,43510.31385,3520544.063,5.265713205,52.67014842,6.09E-06,9.16E-06,-1316.3865,28.68812419,1
4.200810742,2.120750719,41.62744766,24.33493077,36440.98516,3313975.306,8.210977783,93.21575192,4.32E-05,5.88E-05,-2421.421689,263.0749742,4
4.19690109,2.69707313,40.78818813,24.47190445,35831.09231,3336633.97,4.270131243,79.49233196,2.63E-05,4.49E-05,-120.4266957,-9.009485399,4
4.185742966,2.441885844,38.20704457,23.99387524,41194.92133,3380617.173,5.296564321,70.55763752,3.08E-05,1.74E-04,-493.8662375,7.816046402,2
4.200715236,2.645224362,38.27009095,23.82648705,41963.36924,3382383.435,4.342736707,67.9164952,2.72E-05,0.000230451,-158.370747,-14.99876974,2
4.189991619,2.434300686,37.25007396,23.74029655,44048.44621,3394998.813,4.252626414,62.66034381,1.54E-05,1.67E-04,-186.5541859,-29.31109742,2
4.202490707,2.078996492,40.24771611,24.21598771,40805.5785,3414961.299,7.650279857,77.12304742,4.36E-05,1.31E-04,-2183.911925,96.6179585,2
4.196154302,2.07597933,39.32802758,23.71372956,42377.04955,3368902.32,7.293517662,71.50462183,6.56E-06,2.44E-05,-2176.965313,166.3201547,2
4.20166868,2.184363781,40.77802461,23.95500402,38250.54727,3328347.583,7.787499225,87.40985266,4.06E-05,7.67E-05,-2142.392023,180.0190171,3
4.198119632,2.643029496,40.03754147,23.98624198,38323.56597,3365879.744,4.411552437,78.09647847,2.70E-05,4.90E-05,-162.0310869,2.254379015,3
4.201457081,2.011964876,40.12941739,24.2391227,40106.25609,3337756.851,7.803782568,77.86618637,4.63E-05,1.68E-04,-2250.036161,133.1063517,3
4.197873789,2.633848587,40.29218492,24.25498694,37751.81132,3384179.006,4.41700752,78.22660798,2.72E-05,4.69E-05,-162.1656727,2.65609799,4
4.19624483,2.683213476,41.27256612,24.93287314,36245.65227,3456445.471,4.302876579,79.51567983,2.64E-05,4.60E-05,-130.5505,-7.223625369,4
4.198943932,2.665703059,39.51375236,24.03707456,39618.55744,3387304.321,4.377107982,74.95387249,2.64E-05,4.97E-05,-152.5861676,3.316198471,3
4.177996111,2.426302137,38.84979196,24.66606757,44515.87394,3662071.144,4.632945452,50.90954018,5.18E-06,7.76E-06,-872.5533949,16.42789191,1
4.17745027,2.411531711,38.77022224,24.45529345,42965.6285,3507105.431,5.481938362,53.48786476,1.11E-05,8.93E-06,-1454.557874,37.97125431,1
4.199372697,2.02625062,39.88810477,24.30295214,45077.59386,3835858.107,3.928124827,51.9845346,1.20E-05,1.51E-05,-267.4703893,-11.95932043,1
4.198537489,2.659358188,39.4372327,23.96918367,39627.24266,3369490.001,4.383182903,74.80987552,2.65E-05,4.85E-05,-157.1032233,4.46482869,3
4.199865517,2.00843532,41.64116227,24.19968792,36455.10045,3267863.799,8.292116638,92.78105959,4.71E-05,6.24E-05,-2502.466517,270.4975559,4
4.198782235,2.631116912,39.6874636,24.04353668,39284.39475,3377482.15,4.435423381,75.69461147,2.72E-05,4.78E-05,-173.3768906,6.928166572,3
4.199339975,2.639895313,39.50960202,24.12488539,39918.71525,3407558.703,4.417399668,74.1760716,2.69E-05,4.91E-05,-167.9319729,4.414913116,3
4.182157934,2.362869757,40.02167483,23.37953304,36516.65436,3339899.495,5.375206246,83.42459146,3.62E-05,8.69E-05,-474.6850305,-2.399527314,3
4.20133283,2.194890664,40.75070125,23.58248832,37826.17489,3262844.57,7.784002539,89.49866534,4.02E-05,6.31E-05,-2135.085744,191.9274105,3
4.182970514,2.479450738,40.75221353,24.30563607,36506.45394,3506533.491,5.243710214,82.46638456,3.28E-05,8.23E-05,-425.0829665,-7.685796589,4
4.198832114,1.789621378,40.12138384,24.06265575,44557.92823,3727670.186,4.185340473,52.71160622,1.46E-05,1.69E-05,-413.5187187,-2.578681627,1
4.189962702,2.384469722,40.42668251,24.45395461,37134.43331,3492655.677,5.422158188,80.33195129,3.50E-05,1.66E-04,-470.70626,10.07185173,3
4.196902608,1.846021008,39.45415945,23.94671398,44352.20817,3598338.322,4.113143218,51.43335913,1.43E-05,1.70E-05,-383.6267999,3.695619364,1
4.188916056,2.472448302,38.54143407,24.4312851,44497.34067,3714931.831,3.417118935,47.4109906,8.68E-06,1.26E-05,-155.8259518,-22.09937001,1
4.202665068,2.135620227,38.42604748,23.30594821,43006.47869,3290262.977,6.011940605,68.18188189,1.74E-05,1.66E-04,-1076.7896,12.57110112,2
4.20469704,2.137786871,40.26214978,23.6177744,38798.64903,3256425.876,7.812174605,84.78527073,4.23E-05,1.64E-04,-2171.057201,168.8857502,3
4.189773214,2.587208729,39.03339797,24.68594816,45947.88027,4002941.72,3.296406002,48.00293914,7.82E-06,1.29E-05,-96.17002383,-33.01546181,1
4.185961817,2.469459486,38.2925053,23.98489575,40455.17473,3344005.998,5.366713314,71.91399835,2.99E-05,2.19E-04,-503.4085443,23.23717123,2
4.201200471,2.143779367,41.05277513,23.97365405,37275.92486,3278020.966,8.184541403,90.97074768,4.18E-05,5.78E-05,-2415.876447,238.0755746,4
4.188815808,2.52094805,38.75169505,24.51442665,45807.25321,3911150.518,3.359781865,47.77825343,8.31E-06,1.22E-05,-120.5501926,-29.96444145,1
4.198164129,2.695787451,40.30253126,24.30453859,37695.3315,3385062.618,4.324519631,78.1734945,2.60E-05,4.86E-05,-133.0094614,-0.570073448,3
4.186982012,2.355143087,39.21290318,25.58787567,41727.50047,3631396.74,5.258391063,66.17857559,3.21E-05,3.64E-04,-553.454257,15.16607667,2
4.197967993,2.175686707,39.67620802,24.13584071,45838.8384,3933838.412,3.780353914,52.33071539,1.06E-05,1.45E-05,-189.3945861,-24.68280292,1
4.198046761,2.629782174,40.11656267,24.21093553,38165.45662,3385515.191,4.431952509,77.57676567,2.74E-05,5.74E-05,-168.0375242,3.613608499,3
4.202335745,2.192864021,40.33256343,23.77028287,39326.30625,3321694.283,7.732121327,84.01168399,4.00E-05,6.45E-05,-2139.946204,149.0829603,3
4.188051762,2.661390331,37.99854112,23.79410931,43294.52429,3465486.603,3.218668841,48.09960888,7.28E-06,1.26E-05,-93.60480971,-16.41133898,1
4.198840869,2.674355599,39.4723784,23.5042682,38367.55856,3268462.545,4.360521535,77.79731289,2.65E-05,4.96E-05,-145.9742157,0.012111131,3
4.199365021,2.674271234,39.18287353,24.83328108,41946.63441,3562988.103,4.325240174,67.15793186,2.59E-05,2.15E-04,-149.2709526,-9.132544889,2
4.180249175,2.479712743,40.07821178,23.48366729,36587.11891,3364978.595,5.239897886,83.18182579,3.27E-05,6.28E-05,-427.7874024,-7.743544236,3
4.177992455,2.342364524,38.76853764,24.62766678,44190.53387,3610208.06,4.814143455,51.16034848,5.55E-06,8.53E-06,-979.5327584,21.80662252,1
4.182440318,2.378420264,39.96863957,23.86879036,36898.88081,3386185.006,5.369909103,80.4091519,3.55E-05,2.14E-04,-471.9945388,5.744263909,3
4.201144545,2.650011641,41.3621656,25.2121509,36240.82574,3485291.511,4.365471975,78.78200513,2.71E-05,4.45E-05,-138.8776333,-3.370734899,4
4.203198797,2.053741883,39.31221126,23.74662783,42366.00256,3384618.284,6.908158699,71.84390339,1.74E-05,9.86E-05,-1761.896555,32.52244913,2
4.187344026,2.694074478,38.16581614,24.21658147,44306.15516,3637125.791,3.20005627,47.27181283,6.86E-06,1.22E-05,-82.13917196,-22.24284075,1
4.233325436,2.144268362,41.01558675,23.85062026,39739.68074,3411950.17,7.903134348,84.6405286,4.07E-05,1.41E-04,-2182.8001,131.397318,3
4.202837062,2.092603699,38.58234015,23.02167551,42449.92584,3237146.271,6.715319303,71.23958142,1.75E-05,1.77E-04,-1608.154855,27.36198297,2
4.203421922,2.177349809,40.36194489,25.38232315,42648.16141,3672007.499,6.672620409,69.05489398,1.70E-05,1.36E-04,-1564.961413,37.31068772,2
4.17635454,2.24799165,38.79218188,24.38027426,43036.16552,3493021.327,5.511161697,53.32805489,6.10E-06,9.19E-06,-1502.47634,36.31683732,1
4.185835941,2.469127855,38.74827601,23.97620032,39703.5997,3381445.831,5.403443793,75.02277219,3.04E-05,1.52E-04,-484.086627,21.14670533,3
4.201492774,2.025310731,42.33252237,24.74466283,35872.06923,3372342.278,8.276536169,95.07376153,4.66E-05,5.80E-05,-2471.253538,282.3927058,4
4.183585552,2.390304871,39.48443327,23.98676554,37453.45414,3389238.932,5.389811118,78.5073077,3.45E-05,6.47E-05,-472.1077285,6.063607954,3
4.199184725,2.697942608,38.07459506,23.75516187,42681.29981,3405805.743,4.250194228,67.01054285,2.57E-05,0.000235518,-127.0818831,-24.44120663,2
4.196262463,1.90531167,39.95874038,24.35868522,45265.35751,3831638.973,4.099114305,51.20222336,1.29E-05,1.64E-05,-347.8724176,-9.298534749,1
4.188461119,2.592947965,38.76230451,24.65224374,45604.86633,3906353.516,3.267381908,47.25442538,7.83E-06,1.28E-05,-94.01437094,-29.41607524,1
4.18698249,2.472619908,37.39699052,24.18583595,43272.84028,3381340.347,4.764219515,62.06599878,2.95E-05,3.82E-04,-402.8948275,-10.39837977,2
4.194091469,2.684431052,38.50354143,23.9927022,42154.92424,3435437.954,4.435610809,68.2158536,7.45E-06,2.87E-05,-383.1184632,112.0528647,2
4.183991041,2.406668298,39.74009699,24.06213314,38596.69226,3462230.098,5.44326268,79.51611129,3.30E-05,6.16E-05,-488.1717532,13.08652644,3
4.183092498,2.381437949,40.81715494,24.22178923,35335.79643,3424488.436,5.278734895,83.47121758,3.69E-05,5.35E-05,-456.4232406,-2.460989964,4
4.181214476,2.448639662,40.02451449,23.81264716,36788.78542,3380162.173,5.306126496,81.47933075,3.32E-05,1.29E-04,-442.3881464,4.054535312,3
4.204477224,2.067434948,38.61125282,23.52099862,42187.781,3272002.724,7.079390482,69.82509423,1.75E-05,1.69E-04,-1892.491891,42.84710234,2
4.203964293,2.103155698,40.64566836,24.16791054,38871.12548,3348665.61,7.82876915,83.7801905,4.34E-05,1.73E-04,-2193.703069,163.5542007,3
4.187447226,2.617507743,38.51424197,24.5659664,44692.18847,3753186.072,3.297213616,47.14898071,7.27E-06,1.19E-05,-108.1341786,-23.28176777,1
4.197918435,2.654081051,40.32006623,24.20595238,37505.01105,3364620.812,4.379766034,78.72725511,2.66E-05,4.94E-05,-151.0088725,1.774567753,4
4.202600613,2.178384779,40.18846095,23.73257613,39683.83703,3317648.327,7.712476656,82.54746578,4.02E-05,6.30E-05,-2147.070855,137.5382637,3
4.196165947,2.086320051,41.21700308,24.06901987,37071.46909,3286585.728,8.222281663,91.20673937,4.36E-05,1.28E-04,-2448.719628,243.2762246,4
4.183387048,2.456249985,40.46341487,24.15235085,35851.299,3407052.189,5.233998968,82.55033988,3.40E-05,5.12E-05,-429.3616092,3.355363396,4
4.1887798,2.494239683,38.47875425,24.38241992,42981.582,3523379.551,3.380692418,47.4576519,8.52E-06,1.18E-05,-158.4121563,-12.52687187,1
4.186378095,2.394805822,37.58677382,23.40832459,41190.28785,3251281.6,5.335851513,70.26006468,3.20E-05,3.51E-04,-523.0640866,9.124755544,2
4.18260167,2.382347173,39.47196887,23.92892683,38707.40713,3405748.347,5.474005158,78.07956254,3.37E-05,1.93E-04,-502.7997381,16.87997209,3
4.206531082,2.181560984,38.95965174,23.52723613,44286.01707,3511730.429,4.668115555,67.76548879,4.08E-05,0.000106003,-286.2685378,-37.03313056,1
4.203244172,2.067103728,39.72196117,23.73833799,41493.58087,3340731.639,7.496908772,74.60265794,5.61E-05,1.10E-04,-2152.311737,66.89176195,2
4.177556435,2.351294851,39.44712876,24.05479674,37588.08594,3394664.413,5.415026352,77.92310794,3.54E-05,6.01E-05,-494.8982306,9.274913584,3
4.196790309,2.134879001,38.68010761,23.51989278,43620.76511,3408030.733,4.615151712,52.60164881,6.50E-06,1.09E-05,-713.7455161,21.39257971,1
4.196558173,2.664105531,40.93726991,24.35494033,35781.15882,3336733.638,4.325209433,80.57014053,2.71E-05,4.51E-05,-137.705975,-8.244748236,4
4.189110302,2.694621862,38.21358593,24.46309712,43801.40368,3603171.101,3.178621067,46.61969858,7.10E-06,1.20E-05,-76.33519515,-18.74788353,1
4.197306756,2.699516923,40.31453859,24.22898581,37270.84603,3356246.109,4.301588698,78.62478629,2.58E-05,4.72E-05,-128.061734,-2.740036116,4
4.201331131,2.690178665,39.44448954,24.32881168,40151.70339,3436566.725,4.340202241,73.04914373,2.58E-05,4.96E-05,-137.3654104,2.240668298,3
4.197985719,2.693769409,40.24716717,24.23969114,37825.05051,3384554.359,4.328215276,78.1085525,2.60E-05,4.41E-05,-134.4094353,-1.536289651,3
4.198267469,1.922542181,40.29314716,24.22357872,45466.7072,3927504.325,4.118692077,52.83276211,1.33E-05,1.74E-05,-339.9200784,-15.55083913,1
4.17689799,2.186437749,38.98629729,24.51501962,45171.63372,3697677.724,4.332176845,49.94482448,5.44E-06,9.48E-06,-697.8846614,7.126212262,1
4.197603515,2.637672862,41.06026204,24.70475717,36494.65975,3425605.196,4.381763088,79.67029571,2.73E-05,4.52E-05,-152.7779448,-2.311379879,4
4.183047552,2.48407554,40.99774403,24.27322345,35912.57996,3500550.957,5.210592746,83.65443012,3.33E-05,5.14E-05,-418.9788774,-14.18097253,4
4.191916354,2.180927286,41.04994219,26.46604286,42596.79103,3856915.766,6.671852961,67.43858321,1.60E-05,2.06E-04,-1575.714896,43.64962866,2
4.199578698,2.66370649,38.74929238,24.02057832,42148.83823,3469213.738,4.307822304,69.3185583,2.61E-05,1.29E-04,-147.6229558,-21.14043248,2
4.201013677,2.129431832,41.10034022,24.06336389,35698.60027,3194170.443,8.202192142,93.71829407,4.25E-05,5.89E-05,-2407.010155,277.4540197,4
4.20076233,2.130989905,41.09041923,24.08347033,35713.10467,3189217.962,8.202574782,93.4420351,4.26E-05,5.71E-05,-2408.821538,278.437098,4
4.183449364,2.393899598,39.15878418,23.94935064,38005.02497,3367749.532,5.427703859,77.09512884,3.38E-05,6.53E-05,-481.9827061,13.25643246,3
4.182038001,2.460913977,39.49975288,23.84699138,37020.30609,3360313.221,5.282586592,79.01099221,3.30E-05,5.72E-05,-438.4613345,-0.166310381,3
4.201620573,2.166300951,40.8563322,24.06314757,38300.58688,3344211.375,7.795412465,87.20130537,4.10E-05,8.71E-05,-2153.189315,180.2819995,3
4.179546243,2.369246267,41.37787352,24.66015421,35096.7782,3503015.783,5.261028759,84.06923822,3.73E-05,4.44E-05,-463.7567898,-3.228558617,4
4.20114906,2.170172618,41.78271326,24.60980627,36624.3537,3369977.582,8.177375184,92.80486198,4.10E-05,5.74E-05,-2396.223446,257.650738,4
4.180388253,2.392798962,40.58721297,23.98079555,36074.14113,3428938.837,5.304443078,82.77761654,3.57E-05,1.19E-04,-456.5523617,-7.140757403,4
4.182425008,2.420414269,39.03600072,24.42380807,38422.62327,3371977.143,5.436873609,74.0709579,3.24E-05,3.99E-04,-479.3529939,30.11684062,3
4.183640209,2.413759775,40.39341127,24.10781802,35952.90155,3401038.956,5.280337576,82.5074271,3.49E-05,5.13E-05,-446.3706704,5.552034264,4
