day1_a,day1_b,day2_a,day2_b,day3_a,day3_b,day4_a,day4_b,day5_a,day5_b,day6_a,day6_b,day7_a,day7_b,day8_a,day8_b,day9_a,day9_b,day10_a,day10_b,day11_a,day11_b,day12_a,day12_b
0.998250427,0.688585861,0.453536229,0.933633078,0.224423037,0.48765261,0.448444787,0.776069497,0.68459066,0.764520061,0.323804719,0.219559399,0.6016245,0.910108257,0.30165361,0.265016726,0.694182016,0.86566446,0.99525102,0.83089542,0.090051514,0.341543663,0.223722257,0.633341107
0.389505388,0.491774236,0.106668924,0.495141644,0.773942928,0.152163806,0.177643446,0.927670664,0.255044898,0.766231357,0.829035445,0.984082284,0.063560888,0.193045699,0.118064998,0.989591453,0.449274367,0.790318001,0.949729837,0.103873809,0.958700722,0.63465375,0.223244441,0.850695669
0.178723757,0.063057196,0.637879845,0.331187682,0.111593114,0.891950149,0.012696552,0.326044121,0.109817051,0.212769619,0.707867069,0.982586218,0.22369055,0.640782626,0.650926039,0.902792652,0.53291081,0.724581214,0.171442261,0.444116543,0.463553202,0.934809767,0.661763142,0.070031489
0.266636904,0.754461716,0.280514801,0.018856552,0.965142587,0.929489295,0.946994918,0.593390021,0.346117486,0.391127303,0.151290878,0.578499304,0.846512933,0.129309849,0.823910725,0.928123862,0.088390095,0.427209559,0.863581652,0.871324295,0.476286314,0.624960852,0.449071732,0.342687202
0.095328379,0.225110339,0.16330964,0.408161867,0.85127481,0.434572489,0.214770763,0.169179406,0.642568571,0.081478952,0.476866348,0.029016189,0.809899885,0.704986499,0.051418921,0.313266948,0.681477133,0.135911112,0.937042543,0.251707818,0.174394944,0.24698528,0.804463797,0.819888413
0.008885305,0.988810211,0.02594264,0.905445387,0.252551331,0.348452837,0.282525727,0.721021855,0.623603751,0.287327757,0.711321246,0.717981267,0.883104923,0.777774483,0.666846907,0.83090662,0.734171554,0.312820246,0.716651394,0.488323838,0.410833975,0.081657707,0.397484722,0.738329169
0.875629688,0.617701964,0.599078751,0.570674224,0.796950556,0.561039982,0.656233987,0.636971774,0.485478128,0.765505874,0.528191458,0.113490487,0.76373811,0.86690287,0.116038922,0.159418272,0.03018291,0.346699825,0.2082091,0.310373127,0.322783911,0.02713306,0.505148467,0.262877823
0.20434556,0.256635852,0.428633126,0.623544901,0.101316632,0.878967579,0.679078073,0.93338839,0.757055322,0.691148079,0.786323314,0.413662358,0.176802116,0.653488362,0.244395939,0.502076801,0.433036982,0.963013577,0.868640234,0.830851236,0.334867163,0.364019871,0.48989963,0.957281646
0.996556295,0.471060451,0.116890065,0.294672095,0.912472186,0.90798147,0.134278101,0.813744433,0.045411035,0.593016811,0.357638752,0.651547136,0.563586177,0.985067985,0.361421646,0.273485812,0.685969993,0.058938118,0.365955145,0.861760327,0.992021281,0.973385497,0.319884063,0.9457384
0.106531573,0.055215214,0.023490768,0.027118057,0.1999492,0.628479123,0.778971902,0.885826504,0.811745421,0.171540669,0.30833094,0.556050994,0.910395151,0.700386147,0.50018856,0.455960444,0.331582247,0.587431977,0.634805056,0.701398703,0.181010933,0.055543392,0.480823628,0.56866345
0.253807231,0.333495251,0.236099629,0.87726982,0.763777487,0.326433812,0.999842016,0.006618716,0.755552896,0.046622749,0.452607473,0.433757991,0.6563538,0.592627932,0.437394925,0.801187862,0.011145702,0.876637984,0.615099874,0.570977546,0.734532696,0.137624639,0.667476609,0.09565724
0.148770355,0.484322691,0.058227978,0.196060299,0.333405491,0.890958464,0.704318411,0.583755197,0.167999728,0.659417015,0.746622101,0.596698693,0.366199961,0.377671523,0.484020514,0.368877101,0.087376183,0.880421678,0.272105096,0.445047452,0.654419384,0.511789744,0.036779473,0.816158462
0.284735791,0.695348278,0.268098833,0.466486395,0.711691618,0.316002786,0.409455718,0.206441482,0.609387314,0.405372756,0.345031399,0.409904046,0.081236535,0.457800286,0.801354967,0.90518491,0.227425507,0.323798884,0.014378569,0.500478951,0.157346763,0.494261316,0.032934415,0.857715261
0.776781987,0.616887144,0.29109603,0.699959012,0.810073209,0.20002123,0.576843556,0.80474468,0.325910745,0.936696988,0.043188479,0.167723995,0.629203295,0.249748062,0.616893018,0.344907065,0.193035714,0.142324784,0.111812997,0.832304623,0.301613684,0.090548223,0.606890181,0.643364999
0.929046985,0.474773053,0.670920642,0.447102699,0.733843687,0.846731535,0.039402116,0.539771252,0.741279396,0.288894418,0.121077306,0.846789094,0.883607807,0.917037987,0.968681439,0.79794368,0.229731547,0.998701918,0.135742756,0.395601453,0.99597264,0.801072601,0.406767119,0.20923107
0.54214713,0.672060204,0.653925471,0.615430766,0.382450297,0.773382787,0.810398869,0.137742419,0.345753529,0.538851736,0.279435326,0.953651798,0.326998487,0.733826937,0.256135349,0.861488705,0.234361534,0.098692342,0.565005836,0.110894631,0.71256119,0.079146863,0.882329683,0.087045968
0.3288135,0.060295522,0.436420156,0.096202688,0.969805438,0.056676117,0.926732404,0.843112125,0.776495602,0.611185598,0.532311229,0.753070079,0.449771213,0.752675648,0.514318397,0.140544318,0.588883152,0.822659537,0.238374627,0.932703703,0.165504166,0.557816206,0.90851059,0.624000097
0.904085287,0.677238612,0.764853663,0.519467455,0.725214325,0.337433987,0.603593883,0.445394056,0.755361157,0.636179574,0.850403442,0.618489548,0.056382296,0.021155195,0.996233098,0.493924258,0.218841022,0.646296183,0.256859757,0.464078479,0.478586084,0.501287149,0.434996822,0.884475095
0.387678092,0.920707036,0.001683673,0.948726934,0.824992368,0.431045403,0.590130581,0.690559286,0.976242588,0.837515362,0.371711081,0.394651335,0.378851041,0.799971814,0.953304155,0.254753441,0.993242478,0.909743834,0.50405491,0.16471057,0.777766234,0.975345164,0.736085544,0.428713468
0.360948409,0.04547,0.791970479,0.506859092,0.891763695,0.242022437,0.335677065,0.109998228,0.187784439,0.693493801,0.247518311,0.323882918,0.044644896,0.054483411,0.655148133,0.711133082,0.622853004,0.973148011,0.357841034,0.146733879,0.253685687,0.838314933,0.694292145,0.094926166
0.913127601,0.031950515,0.982066667,0.527527072,0.040374381,0.014526511,0.431430263,0.785611132,0.210913967,0.505978822,0.937871489,0.895267805,0.644901587,0.189627638,0.193815507,0.995933301,0.983609741,0.048036318,0.566971912,0.745968933,0.446465658,0.581265213,0.287773273,0.854211606
0.312360176,0.345732567,0.223194765,0.161534473,0.434172327,0.400823841,0.640422178,0.725971112,0.709353393,0.626666289,0.229415714,0.543842258,0.298636679,0.970347438,0.37775867,0.172816128,0.795850259,0.2856785,0.224447475,0.870519684,0.037710449,0.503995944,0.203685481,0.734983536
0.93784941,0.068007896,0.672269037,0.368709681,0.395408778,0.430596465,0.08452941,0.603279227,0.560427945,0.14074207,0.832259443,0.076649115,0.07526639,0.859476869,0.450158787,0.449559011,0.990422889,0.17323147,0.682307631,0.930653302,0.795454303,0.575189075,0.008971503,0.745947535
0.704264416,0.954096571,0.630086539,0.41628954,0.594852519,0.853781328,0.320827686,0.301957275,0.157295633,0.316795466,0.764199535,0.908185826,0.582748736,0.388133662,0.032546047,0.729671773,0.191583312,0.026471633,0.116907983,0.062793323,0.832921048,0.529202076,0.409025309,0.159276256
0.860716821,0.48803342,0.157420302,0.264224365,0.026017986,0.414106277,0.424843069,0.604509319,0.40127825,0.033792361,0.148920905,0.672561966,0.409570195,0.513971563,0.879205244,0.462493101,0.021291234,0.08160953,0.58624362,0.365074625,0.151308127,0.120252163,0.801749829,0.837908335
0.194140104,0.552726522,0.28990723,0.179643825,0.125784257,0.266328094,0.089178913,0.611358242,0.510999913,0.209871638,0.197221688,0.701622435,0.305678999,0.438965258,0.674865981,0.801326537,0.769753241,0.646915013,0.242624986,0.727626585,0.867226484,0.357214729,0.785723636,0.062021703
0.489005381,0.070660444,0.802207722,0.478162397,0.507837947,0.992949473,0.19135049,0.99571656,0.180761284,0.757377902,0.222818143,0.283836741,0.169621445,0.272106821,0.959900846,0.561902623,0.375649858,0.751473115,0.322367283,0.334947125,0.253858171,0.389549837,0.137504698,0.488714219
0.454483151,0.435145913,0.938790324,0.785762906,0.242527155,0.293458588,0.408847045,0.384624177,0.153261061,0.06305041,0.327033297,0.089728839,0.484013531,0.442557068,0.898146485,0.849091724,0.485255329,0.441492656,0.636290577,0.550641622,0.349730084,0.394710708,0.719158057,0.486268961
0.114485056,0.376843836,0.524251071,0.889971929,0.521660787,0.28758675,0.372110365,0.219408296,0.47811696,0.497719396,0.083729219,0.40599018,0.729894589,0.975597721,0.696054224,0.012289438,0.143885175,0.264474485,0.717518385,0.482204423,0.381615556,0.909285765,0.682867459,0.70594657
0.341378216,0.282261843,0.912917494,0.561171233,0.49543384,0.280740847,0.412822927,0.39924258,0.003597749,0.144682865,0.274679767,0.838832124,0.909593295,0.459303832,0.150739454,0.43735596,0.635975485,0.13975161,0.141822056,0.488160084,0.434417118,0.704747527,0.184633728,0.48746302
0.591147084,0.742040806,0.672411536,0.247710796,0.193387424,0.183177195,0.003847607,0.48791217,0.172784724,0.064104793,0.284302736,0.561001756,0.69738588,0.227727993,0.085687464,0.762443756,0.249949351,0.202771198,0.067061069,0.024563388,0.355179058,0.056487227,0.792899465,0.003069723
0.259496725,0.508704592,0.406130655,0.566987829,0.681329662,0.00743572,0.614434485,0.313871968,0.252605992,0.656148754,0.787010729,0.865077891,0.601952917,0.806389512,0.067746019,0.373412707,0.229376536,0.368770378,0.412835157,0.184681725,0.558589073,0.643483487,0.560389852,0.708333216
0.343771375,0.724296222,0.142406373,0.823572247,0.334475217,0.372008388,0.911853738,0.273672011,0.478727506,0.176095362,0.599069096,0.839999822,0.113519285,0.206738184,0.492894188,0.275854665,0.448259335,0.325463064,0.191836625,0.977106079,0.031083733,0.498412961,0.088967299,0.962161408
0.643851545,0.713233442,0.082882769,0.443511924,0.593695223,0.141668806,0.171376226,0.546579321,0.628990383,0.552032802,0.55220205,0.458815388,0.185932698,0.575704869,0.751527183,0.226310274,0.672686437,0.992762099,0.710360727,0.424491963,0.551276921,0.114219488,0.040454606,0.659334582
0.485123611,0.263996815,0.479313441,0.796849159,0.93613272,0.409129908,0.073390588,0.332880333,0.146422287,0.688659313,0.227655924,0.175815062,0.260063302,0.051181822,0.302004716,0.776484376,0.289436009,0.575672803,0.648855236,0.636881095,0.660987102,0.03955357,0.228020091,0.926282936
0.260871173,0.325182964,0.412644277,0.398752135,0.188008548,0.570516794,0.685345439,0.637140979,0.07208964,0.638089782,0.885594965,0.339557669,0.445850361,0.545265191,0.471594826,0.780944988,0.318472227,0.714458652,0.614691551,0.898003361,0.660629292,0.55592641,0.211840825,0.885148517
0.348066551,0.126567479,0.896326405,0.997033158,0.863091832,0.578379211,0.31323859,0.071726687,0.464313906,0.133344133,0.924925211,0.020731681,0.576011923,0.009336691,0.506656006,0.442501954,0.825300467,0.001883612,0.112488068,0.628032351,0.572162603,0.958182145,0.5672522,0.014208832
0.427750974,0.947898008,0.470724946,0.935837492,0.388581165,0.92449443,0.537894959,0.594612863,0.254676249,0.120631595,0.208217902,0.069193448,0.141824576,0.414414028,0.219477593,0.470092272,0.309751403,0.22175441,0.36657766,0.433922793,0.714740855,0.955610821,0.551676431,0.158689698
0.028811132,0.468939621,0.078538448,0.055010338,0.448488747,0.406143173,0.285362108,0.916516303,0.852513686,0.235823986,0.522582143,0.776471062,0.525915246,0.057533224,0.309045295,0.36154159,0.518516798,0.569155793,0.804858547,0.642365877,0.793512993,0.055796518,0.249565713,0.039438605
0.843654706,0.231534533,0.37111264,0.62553983,0.358115154,0.669682495,0.091994752,0.864523437,0.176927961,0.882164794,0.957552649,0.250183725,0.280709869,0.648693813,0.806323705,0.635189813,0.899468986,0.221306667,0.542480928,0.855321163,0.485232849,0.817683488,0.535701447,0.127713968
0.255536343,0.764461405,0.436236778,0.026649154,0.127048614,0.367587942,0.876647711,0.562549552,0.32588228,0.504536267,0.572350949,0.773213588,0.710979093,0.183080459,0.061358896,0.723467441,0.12639463,0.611309942,0.369479398,0.226171363,0.095744486,0.117253817,0.977713075,0.164832585
0.374824051,0.443045566,0.742628749,0.420530988,0.006667881,0.25287043,0.13451832,0.935015219,0.481994064,0.75445797,0.537898158,0.288141446,0.585479726,0.101135137,0.043651094,0.031890613,0.07730194,0.456821774,0.241125445,0.16048356,0.254546385,0.750892817,0.514257234,0.786734356
0.642704062,0.006077429,0.296006365,0.567770076,0.786697247,0.753068133,0.58884545,0.575113984,0.617534549,0.820493323,0.040196657,0.490140197,0.955489214,0.853530176,0.267517801,0.45981292,0.588962409,0.00969056,0.566085619,0.489371313,0.724572516,0.641987544,0.734951524,0.002830809
0.949692571,0.443468776,0.000738106,0.426905235,0.948210784,0.383752643,0.350065115,0.775336349,0.406945133,0.204699475,0.692798389,0.321373208,0.544456031,0.505755047,0.914210648,0.995007081,0.85998382,0.911952481,0.289535926,0.923296649,0.448312117,0.858378109,0.612246185,0.060000362
0.983942268,0.167861285,0.082843728,0.431541919,0.32135022,0.799051011,0.337860605,0.399693898,0.437147199,0.233388137,0.884839911,0.509118029,0.493820557,0.66255356,0.991342426,0.383733587,0.911633437,0.501582122,0.324768534,0.323700463,0.056929244,0.212957406,0.394310159,0.214357553
0.607880892,0.614528343,0.686347099,0.00761158,0.372290622,0.863156945,0.97048094,0.696170294,0.299963733,0.180540245,0.916617306,0.394558858,0.145524957,0.831281442,0.056279346,0.528359396,0.082744969,0.112510095,0.621086982,0.793477555,0.251044401,0.025448217,0.648454447,0.462952283
0.864157981,0.74148318,0.828181149,0.370859287,0.771756553,0.88541264,0.220110068,0.127534389,0.408621649,0.97211059,0.030527177,0.861605962,0.406837664,0.998957528,0.713216168,0.913014216,0.445306758,0.945909859,0.73997853,0.506059991,0.849219406,0.64895056,0.235485502,0.230280211
0.8922246,0.878479321,0.817181592,0.439986484,0.184890702,0.778122939,0.869357773,0.782697532,0.718028112,0.877820403,0.556970174,0.91886201,0.960985974,0.990207673,0.479637512,0.714763165,0.925434847,0.459181356,0.463160028,0.322362987,0.621385732,0.010664982,0.317867292,0.198191539
0.02498396,0.43269543,0.447553259,0.768228825,0.094138228,0.252280707,0.961234999,0.422585146,0.347954206,0.704858297,0.991200492,0.970397449,0.389987889,0.952678413,0.006200027,0.336078282,0.453003014,0.515955776,0.716731652,0.103193156,0.192669033,0.051256758,0.890967431,0.738251743
0.888301178,0.90708514,0.808001819,0.509293424,0.827013852,0.452443534,0.179971705,0.48638296,0.66618042,0.865896167,0.101386113,0.752542782,0.575776508,0.575621484,0.74407409,0.041021384,0.440648433,0.375629055,0.351490788,0.960646586,0.627017009,0.70290207,0.196418411,0.041273358
0.699166918,0.508281026,0.498871162,0.847684764,0.996265291,0.880809505,0.750385028,0.217463712,0.372108072,0.75998061,0.141542679,0.672491625,0.384903497,0.829907917,0.268716318,0.009734269,0.607985082,0.233658531,0.682607479,0.912891614,0.250979619,0.28752185,0.505745739,0.183788312
0.148275665,0.175394182,0.510261793,0.506739226,0.408231365,0.525624304,0.669906599,0.370408981,0.554509592,0.773358425,0.871091424,0.745466637,0.758101189,0.951739847,0.762952109,0.484968559,0.2345275,0.709509364,0.785440011,0.982776882,0.318106257,0.907756199,0.575195449,0.800269264
0.011966681,0.533800602,0.508953256,0.239650389,0.045313059,0.796564371,0.128630928,0.343088202,0.05574562,0.599505661,0.824082649,0.505929554,0.738070911,0.40186028,0.254387263,0.551622047,0.135249764,0.900113167,0.416654091,0.024408802,0.643369835,0.489100983,0.97861747,0.455682295
0.412394819,0.55301693,0.731394903,0.824863104,0.340896764,0.193776211,0.415641471,0.864854936,0.603998478,0.033554207,0.673679372,0.658975617,0.848661095,0.284962038,0.150120098,0.107553665,0.720561257,0.126510059,0.79413002,0.324140535,0.795051698,0.627718405,0.327726583,0.863896355
0.54541391,0.463747129,0.863551338,0.249189349,0.417401708,0.652558702,0.528848653,0.221417369,0.564364893,0.785308389,0.076569263,0.825662332,0.450113663,0.113989901,0.252693539,0.757510953,0.392675067,0.567866464,0.636296942,0.500086766,0.892446664,0.54038991,0.119643737,0.069003221
0.047194579,0.20525569,0.055451575,0.315890871,0.974185418,0.689364597,0.165374976,0.413517555,0.787315483,0.599946288,0.003550331,0.426873295,0.289273191,0.225195748,0.472328213,0.525895149,0.097755265,0.485042004,0.897871167,0.877879562,0.133274242,0.019274833,0.459923585,0.119694658
0.714290079,0.816895358,0.394825249,0.170352103,0.900754657,0.778704597,0.379663903,0.010306811,0.571843708,0.591262255,0.621917162,0.652290019,0.071059936,0.348237397,0.256413927,0.717676802,0.181415989,0.82951113,0.776088384,0.676379412,0.148259799,0.571854481,0.851478637,0.958667707
0.870422758,0.139256004,0.725599525,0.061981276,0.016162747,0.901752084,0.895644238,0.979356253,0.972588545,0.817754233,0.273701427,0.876564045,0.091793332,0.082293577,0.680031448,0.561574669,0.086289085,0.518228167,0.726492113,0.293231104,0.169810236,0.503134448,0.242973465,0.239890439
0.045139605,0.883392763,0.456158512,0.540144456,0.156741861,0.914369586,0.178414799,0.06610448,0.363427645,0.493377115,0.792268386,0.155985634,0.913640159,0.40927635,0.038023517,0.151379629,0.042978484,0.376354069,0.59607434,0.674484763,0.478962111,0.062004142,0.031849067,0.311536901
0.426214101,0.845474888,0.969657041,0.629440265,0.832982373,0.113346845,0.527504292,0.765958612,0.697214784,0.522087882,0.067848585,0.277418988,0.915247349,0.478928511,0.04582499,0.01675887,0.285898434,0.92362794,0.586417315,0.064796308,0.011774112,0.384585296,0.449235911,0.700171974
0.974205689,0.710372759,0.760647241,0.603365591,0.710308802,0.532656649,0.807418809,0.616232428,0.365404204,0.216873741,0.982706868,0.64208506,0.888982138,0.792443934,0.876359394,0.19187686,0.340441338,0.900332199,0.300944739,0.567654096,0.156172031,0.362039028,0.199152313,0.861457376
0.894637363,0.713121141,0.846950108,0.444846681,0.336055842,0.98261848,0.931704924,0.470698433,0.199858038,0.706925461,0.388425386,0.311282972,0.551509619,0.938443293,0.022617014,0.7519648,0.845173816,0.934913677,0.67816524,0.235676998,0.491501599,0.67073118,0.603261377,0.875686983
0.063269493,0.41533959,0.921630754,0.081387578,0.5910069,0.174526405,0.319211654,0.71654375,0.219265262,0.469508667,0.257381411,0.869421713,0.873523551,0.600843876,0.641435417,0.211596733,0.350125948,0.285380086,0.226461843,0.358262832,0.020783674,0.775971844,0.011852809,0.027572016
0.439725508,0.67552536,0.821789065,0.849147408,0.389084052,0.726196608,0.739842996,0.844436988,0.550038783,0.147854083,0.165742603,0.282686689,0.120497215,0.811242993,0.399130428,0.653035828,0.149212084,0.836638665,0.945812765,0.383340074,0.445013064,0.372255359,0.414799535,0.310130666
0.303957731,0.893516435,0.969497229,0.028638152,0.012854914,0.711117356,0.416071436,0.889106041,0.70290506,0.196167275,0.115712636,0.615674739,0.090922912,0.206232719,0.848723702,0.060709048,0.895956823,0.009515727,0.291684613,0.062219104,0.254021082,0.905569796,0.834370986,0.990860452
0.181442627,0.857558878,0.238372508,0.847707736,0.586978958,0.367236935,0.906835674,0.111314635,0.402668274,0.392747245,0.809595536,0.335360408,0.052418532,0.557781033,0.358056756,0.789855628,0.816029136,0.804914423,0.99301254,0.727662602,0.886594565,0.500584402,0.998963327,0.493661031
0.27808685,0.516424194,0.720854724,0.447190961,0.138094681,0.859563394,0.779600362,0.869796235,0.555607991,0.997068999,0.141140433,0.508128559,0.164169685,0.246688893,0.522723564,0.031249779,0.278567524,0.395733063,0.809684778,0.135395662,0.598809962,0.78790507,0.64012298,0.889098748
0.543838972,0.976222669,0.179467102,0.580823183,0.234321075,0.964169931,0.719410252,0.696231711,0.792441111,0.98664495,0.59358094,0.706997882,0.922235694,0.962026227,0.021483321,0.463855572,0.391530489,0.974561861,0.824643686,0.142024786,0.085885689,0.997044179,0.514660268,0.198302474
0.736483322,0.264331545,0.009984764,0.640398977,0.007166764,0.714488439,0.960719328,0.504605176,0.122539499,0.909351034,0.721983118,0.956913447,0.097439286,0.306144797,0.924418278,0.410358383,0.077466241,0.347084645,0.650879187,0.482276293,0.190326057,0.62151134,0.796870794,0.445877117
0.238014641,0.235774439,0.637177676,0.292484973,0.899818658,0.7261738,0.00868529,0.949004107,0.388385752,0.540587656,0.954869927,0.375750842,0.364941228,0.469647065,0.661705883,0.226155577,0.439284035,0.492551264,0.052052635,0.829616232,0.366622488,0.856802294,0.641882397,0.853976416
0.663687855,0.385046127,0.539951982,0.652974214,0.039160532,0.559230933,0.71507692,0.25689879,0.260884483,0.028969427,0.645488878,0.916712296,0.057169033,0.021781182,0.66267509,0.382796465,0.482985999,0.543181457,0.300651012,0.933538941,0.310828688,0.799027722,0.543077263,0.142025015
0.960417696,0.364757064,0.101947853,0.87744988,0.814696821,0.639648017,0.546573334,0.013714686,0.347831766,0.937618323,0.913272105,0.724458441,0.028561778,0.936136593,0.675496084,0.716058339,0.011083055,0.146773255,0.340420214,0.605066413,0.476991556,0.193358237,0.067795378,0.191594653
0.012606696,0.45601352,0.200910159,0.521877417,0.234842479,0.236918854,0.123067128,0.45422449,0.163810392,0.871392761,0.639341296,0.307909607,0.67966498,0.467056179,0.351379741,0.962124356,0.840516435,0.576813555,0.816301227,0.612397138,0.649045635,0.649961241,0.411653499,0.509042826
0.109152119,0.481216517,0.126252562,0.248950485,0.317482159,0.362136503,0.67522514,0.398851106,0.090938848,0.37139033,0.671786076,0.402685981,0.144539866,0.153598037,0.613606728,0.03964986,0.325936596,0.186357214,0.626822838,0.848195775,0.19086793,0.326853827,0.141560358,0.411521811
0.345717531,0.951798851,0.651225449,0.920536029,0.598453267,0.011890495,0.421207212,0.466453274,0.010939976,0.120073989,0.237103672,0.681262647,0.016275588,0.371188598,0.202612034,0.553825587,0.492429364,0.996003786,0.303999505,0.288381854,0.836093771,0.692564519,0.135817269,0.696355254
0.413382223,0.495117885,0.070371624,0.631082383,0.212589217,0.242894287,0.464952326,0.54765936,0.84985426,0.694360135,0.011000332,0.295463361,0.7954638,0.804520621,0.102761063,0.627640748,0.845994045,0.723265057,0.562691155,0.45630459,0.152164686,0.798345635,0.437075995,0.627106699
0.92530174,0.753154338,0.881605514,0.278339243,0.461725543,0.39831453,0.692848956,0.557621149,0.173638262,0.138755644,0.966352615,0.625284088,0.03121791,0.134852912,0.023416246,0.254123916,0.33957668,0.6582012,0.902949165,0.099008156,0.760372628,0.431810909,0.034555108,0.470291816
0.998695224,0.161206083,0.145321935,0.888303594,0.709155062,0.554049876,0.772804676,0.658258956,0.251008895,0.93734203,0.614977321,0.491247413,0.182214868,0.523149409,0.734658682,0.238598491,0.239266628,0.900200527,0.007777246,0.337012329,0.84248094,0.404877799,0.406783335,0.295373902
0.258354979,0.456530293,0.661071396,0.821179414,0.899597171,0.955457849,0.559367343,0.220744076,0.671204999,0.378533872,0.261928158,0.320962199,0.549873994,0.001419371,0.104039425,0.212560176,0.54580299,0.554580315,0.505197264,0.543157642,0.982330698,0.932033133,0.072507837,0.086138188
0.820473109,0.969038439,0.126809309,0.237417591,0.954042616,0.248060167,0.01583888,0.635267824,0.434491276,0.167778584,0.078001035,0.060298497,0.423026613,0.390394359,0.638903888,0.473092594,0.80348541,0.161990325,0.184534957,0.719593165,0.552271554,0.963348217,0.943141101,0.778104541
0.329195341,0.324092947,0.13282145,0.580631149,0.004098135,0.587454778,0.583410028,0.137804708,0.040059053,0.227104048,0.412314861,0.714375229,0.245333055,0.325822868,0.893098228,0.050840267,0.237989501,0.884422206,0.316050919,0.628127888,0.229943326,0.118308144,0.085567277,0.267214942
0.511910409,0.148287352,0.799687749,0.398171383,0.564530498,0.970319772,0.294210179,0.93483879,0.749204072,0.919476058,0.966069231,0.395370911,0.78741773,0.873242429,0.745159876,0.809452224,0.905444361,0.681545613,0.353662919,0.633927454,0.071962783,0.973876443,0.545170188,0.106656037
0.355505225,0.827014103,0.511158165,0.254365087,0.229842487,0.563079152,0.648865815,0.467913864,0.592783987,0.28224155,0.021592401,0.511317465,0.34337801,0.149830973,0.518443097,0.03072047,0.408048187,0.020536379,0.086171061,0.221700348,0.498923145,0.404425335,0.825322856,0.258301357
0.300559033,0.345905421,0.756759735,0.997740463,0.979076091,0.134974695,0.966008129,0.104965994,0.38974297,0.426870168,0.577407579,0.052806963,0.694058459,0.470606234,0.814708224,0.059438634,0.68432655,0.938847035,0.798218956,0.295068246,0.553066938,0.237796063,0.394219184,0.677067727
0.628449501,0.545776004,0.977778321,0.665953448,0.82945032,0.810710264,0.89653784,0.868123272,0.41422111,0.765835559,0.402245586,0.915081678,0.999464898,0.141608985,0.555842674,0.594135158,0.12489691,0.984294603,0.168691616,0.668530133,0.177189469,0.797890757,0.292985349,0.261244365
0.638393885,0.892714835,0.300035399,0.457236707,0.112977092,0.965450008,0.716753631,0.535069551,0.781895222,0.046100752,0.098457403,0.598972264,0.055215519,0.001309822,0.307879292,0.19367312,0.870367356,0.950543631,0.757756474,0.113208018,0.082431641,0.00779412,0.779465724,0.935027972
0.502372688,0.20534883,0.914042667,0.891542946,0.36459182,0.550575822,0.494069291,0.753532938,0.303698404,0.303854706,0.847070081,0.91156354,0.702004786,0.619055742,0.265956908,0.767587904,0.895311801,0.617426008,0.487418241,0.241324787,0.894552086,0.26089817,0.064868868,0.926676583
0.543583321,0.409458209,0.704478449,0.937744942,0.069416194,0.105448975,0.987425124,0.053383653,0.955985642,0.716437977,0.042873694,0.247458964,0.101406392,0.950808979,0.266362989,0.98566512,0.876629552,0.579551471,0.057105663,0.62817555,0.428433053,0.233779361,0.422032908,0.922376499
0.907551635,0.620091827,0.374919203,0.983656313,0.614919241,0.132230124,0.902903092,0.090747979,0.779659342,0.554630636,0.199358005,0.643105868,0.37493039,0.95022127,0.782475913,0.818322134,0.175982303,0.749674303,0.987177439,0.182400252,0.00830185,0.62786007,0.878215047,0.555990748
0.591496809,0.320014514,0.599442418,0.516542636,0.558327825,0.867807113,0.162382595,0.178246107,0.737247872,0.188042361,0.140005986,0.511276157,0.688351229,0.337345958,0.561224518,0.662735243,0.077822124,0.872000134,0.086727616,0.434345909,0.665218539,0.951393648,0.059955769,0.58534747
0.327574138,0.428815718,0.058211066,0.642425763,0.947175607,0.615814091,0.765551908,0.191692276,0.179953228,0.463445915,0.334214245,0.425725397,0.598078556,0.310844685,0.053149405,0.648831389,0.635597545,0.782624304,0.162850804,0.659316615,0.456271827,0.492900783,0.02405654,0.167054865
0.951038156,0.640669664,0.244940969,0.746963439,0.666482463,0.275003654,0.136961867,0.656132305,0.690177854,0.804190187,0.361901381,0.318285995,0.536172426,0.993354036,0.803918526,0.901960216,0.983300524,0.89423021,0.171092756,0.892361578,0.106603791,0.836217944,0.878228322,0.234645168
0.807364445,0.48038446,0.84091058,0.612941313,0.557937538,0.131373296,0.598313722,0.588520658,0.295903171,0.779708356,0.81302319,0.460829509,0.650436318,0.689743781,0.163688325,0.857539623,0.762575486,0.005592626,0.306325034,0.594985684,0.064712806,0.318521473,0.845551652,0.373518883
0.741895761,0.631500894,0.101389184,0.388476021,0.53953364,0.536649225,0.930609513,0.203669623,0.858656011,0.56607893,0.006790919,0.09016511,0.104059,0.415129157,0.926966534,0.735130597,0.472083668,0.35789997,0.180383002,0.98544534,0.740788859,0.02419527,0.201709823,0.179238908
0.489076804,0.122722921,0.619348787,0.539348486,0.791657486,0.688150101,0.023274837,0.333704188,0.099367823,0.976368264,0.427848605,0.656519709,0.627510263,0.051260462,0.618749539,0.220808114,0.690580068,0.128151504,0.714192473,0.601013442,0.428433128,0.260356589,0.605609193,0.336584163
0.337499823,0.315248794,0.083982301,0.845292201,0.651115174,0.845753285,0.68945268,0.690446852,0.460257427,0.068744598,0.249619339,0.595811416,0.027092559,0.907269312,0.89456855,0.540567969,0.333931773,0.90448343,0.560897188,0.532554617,0.590314513,0.576573667,0.927187124,0.551564054
0.651324448,0.364334496,0.494854207,0.971403956,0.209399411,0.561956166,0.67091927,0.07963098,0.611581995,0.231335522,0.271868591,0.104528333,0.718363901,0.39114554,0.311969926,0.722696083,0.576662802,0.838359409,0.189195069,0.327450171,0.071373844,0.42381352,0.02472783,0.181711454
0.047323442,0.528101633,0.016884259,0.365125011,0.771195583,0.444967321,0.284741662,0.150160099,0.655036418,0.872927429,0.433414251,0.383019768,0.143819615,0.878750001,0.02435232,0.512570508,0.551056918,0.430483236,0.336298259,0.412586206,0.088668868,0.017310442,0.642961192,0.643254786
0.344334865,0.122167186,0.475746781,0.947494331,0.718477102,0.191612416,0.187241857,0.917186468,0.545923094,0.191507452,0.885324878,0.474335861,0.590609779,0.549241404,0.150995306,0.503670593,0.476690339,0.50853905,0.211709816,0.185074492,0.906030152,0.461562036,0.242475844,0.55330065
0.213577981,0.645178127,0.073866593,0.425099578,0.502542453,0.472089915,0.259065014,0.985442263,0.636949148,0.425434947,0.432394974,0.21339185,0.025616213,0.406255743,0.306173764,0.594377643,0.823936259,0.271660068,0.516506614,0.464771534,0.981257206,0.010228396,0.262566247,0.409469594
